{
  "getUserDetails" : {
    "transaction" : "getUserDetails",
    "sampleCount" : 2770,
    "errorCount" : 525,
    "errorPct" : 18.953068,
    "meanResTime" : 135.71624548736446,
    "medianResTime" : 127.0,
    "minResTime" : 113.0,
    "maxResTime" : 3949.0,
    "pct1ResTime" : 130.0,
    "pct2ResTime" : 131.0,
    "pct3ResTime" : 149.28999999999996,
    "throughput" : 9.271532045360217,
    "receivedKBytesPerSec" : 19.777554488032358,
    "sentKBytesPerSec" : 4.335260361229934
  },
  "getUserById" : {
    "transaction" : "getUserById",
    "sampleCount" : 2770,
    "errorCount" : 482,
    "errorPct" : 17.400723,
    "meanResTime" : 132.06570397111932,
    "medianResTime" : 127.0,
    "minResTime" : 112.0,
    "maxResTime" : 3929.0,
    "pct1ResTime" : 130.0,
    "pct2ResTime" : 131.0,
    "pct3ResTime" : 145.0,
    "throughput" : 9.26712745813065,
    "receivedKBytesPerSec" : 19.939405072163154,
    "sentKBytesPerSec" : 4.333200827559501
  },
  "Total" : {
    "transaction" : "Total",
    "sampleCount" : 11082,
    "errorCount" : 1961,
    "errorPct" : 17.695362,
    "meanResTime" : 134.27612344342216,
    "medianResTime" : 127.0,
    "minResTime" : 1.0,
    "maxResTime" : 3982.0,
    "pct1ResTime" : 129.0,
    "pct2ResTime" : 131.0,
    "pct3ResTime" : 150.17000000000007,
    "throughput" : 36.95059250318425,
    "receivedKBytesPerSec" : 82.83216644500591,
    "sentKBytesPerSec" : 15.481306464103044
  },
  "getUserByName" : {
    "transaction" : "getUserByName",
    "sampleCount" : 2769,
    "errorCount" : 479,
    "errorPct" : 17.298664,
    "meanResTime" : 130.8122065727703,
    "medianResTime" : 127.0,
    "minResTime" : 113.0,
    "maxResTime" : 3939.0,
    "pct1ResTime" : 130.0,
    "pct2ResTime" : 131.0,
    "pct3ResTime" : 141.60000000000036,
    "throughput" : 9.267781656553215,
    "receivedKBytesPerSec" : 20.261924026949867,
    "sentKBytesPerSec" : 4.460017943984979
  },
  "Login" : {
    "transaction" : "Login",
    "sampleCount" : 2773,
    "errorCount" : 475,
    "errorPct" : 17.129463,
    "meanResTime" : 138.50450775333542,
    "medianResTime" : 127.0,
    "minResTime" : 1.0,
    "maxResTime" : 3982.0,
    "pct1ResTime" : 128.0,
    "pct2ResTime" : 129.0,
    "pct3ResTime" : 191.33999999999787,
    "throughput" : 9.24623048555214,
    "receivedKBytesPerSec" : 23.073564352247036,
    "sentKBytesPerSec" : 2.400986684161037
  }
}