{
  "getUserDetails" : {
    "transaction" : "getUserDetails",
    "sampleCount" : 3771,
    "errorCount" : 3020,
    "errorPct" : 80.08486,
    "meanResTime" : 9.066030230708039,
    "medianResTime" : 8.0,
    "minResTime" : 5.0,
    "maxResTime" : 77.0,
    "pct1ResTime" : 12.0,
    "pct2ResTime" : 13.0,
    "pct3ResTime" : 16.0,
    "throughput" : 128.50570795706253,
    "receivedKBytesPerSec" : 148.97804539742717,
    "sentKBytesPerSec" : 33.74347072542171
  },
  "getUserById" : {
    "transaction" : "getUserById",
    "sampleCount" : 3771,
    "errorCount" : 2906,
    "errorPct" : 77.06179,
    "meanResTime" : 10.829753381066023,
    "medianResTime" : 8.0,
    "minResTime" : 5.0,
    "maxResTime" : 3430.0,
    "pct1ResTime" : 12.0,
    "pct2ResTime" : 13.0,
    "pct3ResTime" : 16.0,
    "throughput" : 115.12394675784589,
    "receivedKBytesPerSec" : 137.67086564293564,
    "sentKBytesPerSec" : 30.22964184996642
  },
  "Total" : {
    "transaction" : "Total",
    "sampleCount" : 15085,
    "errorCount" : 11724,
    "errorPct" : 77.71959,
    "meanResTime" : 10.21968843221744,
    "medianResTime" : 8.0,
    "minResTime" : 5.0,
    "maxResTime" : 3451.0,
    "pct1ResTime" : 12.0,
    "pct2ResTime" : 13.0,
    "pct3ResTime" : 16.0,
    "throughput" : 456.33300057476475,
    "receivedKBytesPerSec" : 554.0425439392563,
    "sentKBytesPerSec" : 121.0673691937411
  },
  "getUserByName" : {
    "transaction" : "getUserByName",
    "sampleCount" : 3769,
    "errorCount" : 2893,
    "errorPct" : 76.75776,
    "meanResTime" : 9.069514460068984,
    "medianResTime" : 9.0,
    "minResTime" : 5.0,
    "maxResTime" : 77.0,
    "pct1ResTime" : 12.0,
    "pct2ResTime" : 13.0,
    "pct3ResTime" : 15.0,
    "throughput" : 128.5382988882068,
    "receivedKBytesPerSec" : 155.5144641288964,
    "sentKBytesPerSec" : 35.51477586155446
  },
  "Login" : {
    "transaction" : "Login",
    "sampleCount" : 3774,
    "errorCount" : 2905,
    "errorPct" : 76.97403,
    "meanResTime" : 11.911499735029128,
    "medianResTime" : 9.0,
    "minResTime" : 5.0,
    "maxResTime" : 3451.0,
    "pct1ResTime" : 11.5,
    "pct2ResTime" : 13.0,
    "pct3ResTime" : 17.0,
    "throughput" : 114.16643978582448,
    "receivedKBytesPerSec" : 147.43266602005625,
    "sentKBytesPerSec" : 29.65651658498956
  }
}